<?xml version="1.0" encoding="UTF-8"?>
<!DOCTYPE mapper PUBLIC "-//mybatis.org//DTD Mapper 3.0//EN"
"http://mybatis.org/dtd/mybatis-3-mapper.dtd">
<mapper namespace="login">

<select id="CheckLogin" parameterType="Member" resultType="Member">
select mid, mpw from member where mid=#{mid} and mpw=#{mpw}
</select>

<select id="CheckLoginSales" parameterType="Psale" resultType="Psale">
select pid, pnum from PSALE where pid = #{pid} and pnum =#{pnum}
</select>


<select id="getProductListIokCheck" parameterType="string" resultType="Product">
select * from testProduct where iok = '000' and pid = #{logName} order by pdate desc
</select>

<select id="getProductList" resultType="Product">
select * from testProduct where iok = '111'
</select>

<select id="getFruitList" resultType="Product">
select * from testProduct where category ='과일' and iok = '111'
</select>

<select id="getVegetableList" resultType="Product">
select * from testProduct where category ='채소' and iok = '111'
</select>

<select id="getProduct" parameterType="hashmap" resultType="Product">
select * from testProduct where type = #{type} and iok = '111'
</select>

<select id="imgNameSearch" parameterType="string" resultType="Product">
select * from testProduct where imgName = #{imgName} and iok = '111'
</select>

<select id="buyHistory" parameterType="string" resultType="Order">
select * from order1 where mid = #{mId} order by odate desc
</select>

<select id="sellHistory" parameterType="string" resultType="Order">
select * from order1 where pid = #{pId} order by odate desc
</select>


<insert id="insertProduct" parameterType="Product">
INSERT INTO TESTPRODUCT 
VALUES 
(#{name},'Z',#{price},#{detail},#{say},#{type},#{category},#{category2},#{imgName},#{type2},'000',#{fsize},#{fname},#{frealfname},#{pid},#{iNum},#{delivery},#{iCount},sysdate)
</insert>


<insert id="insertOrder" parameterType="hashmap">
INSERT ALL 
<foreach item="item" index="index" collection="list">
<choose>
<when  test="item.name2 != null">
INTO order1(mid,icount, name, name2, pid,delivery,inum,odate,onum) 
VALUES (#{logName},#{item.iCount},#{item.name},#{item.name2},#{item.pid},#{item.delivery},#{item.iNum},sysdate,order1_seq.nextval)
</when>
<otherwise>
INTO order1(mid,icount, name, pid,delivery,inum,odate,onum) 
VALUES (#{logName},#{item.iCount},#{item.name},#{item.pid},#{item.delivery},#{item.iNum},sysdate,order1_seq.nextval)
</otherwise>
</choose>
</foreach>
SELECT * FROM DUAL

</insert>

<update id="updateProductCount" parameterType="list">
<foreach item="item" index="index" collection="list" separator=";" open="DECLARE BEGIN" close="; END;">
update testproduct set icount = icount - #{item.iCount} where inum = #{item.iNum}
</foreach>
</update>


<delete id="deleteProductOrder" parameterType="string">
delete from order1 where onum = #{onum}
</delete>

<insert id="insertReturnProduct" parameterType="Order">
<choose>
<when  test="name2 == null">
insert into return (mid,icount, name, pid,delivery,inum,rdate,onum)  values (#{mId},#{iCount},#{name},#{pId},#{delivery},#{iNum},sysdate,#{onum})
</when>
<otherwise>
insert into return (mid,icount, name, name2, pid,delivery,inum,rdate,onum)  values (#{mId},#{iCount},#{name},#{name2},#{pId},#{delivery},#{iNum},sysdate,#{onum})
</otherwise>
</choose>
</insert>







</mapper>